{"Pregnancies": [0.0, 13.5], "Glucose": [39.0, 201.0], "BloodPressure": [40.0, 104.0], "SkinThickness": [14.5, 42.5], "Insulin": [2.0, 270.0], "BMI": [13.849999999999998, 50.25], "DiabetesPedigreeFunction": [0.078, 1.2], "Age": [21.0, 66.5], "BMI/glucose": [0.05770712148983689, 0.48871588055878334], "BMI_Category_Underweight": [0.0, 0.0]}